{
  "menulist": [
    {
      "id": 101,
      "authName": "User Management",
      "icon": "el-icon-user-solid",
      "path": null,
      "children": [
        {
          "authName": "User List",
          "path": "userlist",
          "children": []
        },
        {
          "authName": "User Profile",
          "path": "userinfo",
          "children": []
        }
      ]
    },
    {
      "id": 102,
      "authName": "Book Management",
      "path": null,
      "icon": "el-icon-s-data",
      "children": [
        {
          "authName": "Book Information Query",
          "path": "booklist",
          "children": []
        },
        {
          "authName": "Add Book Information",
          "path": "bookinfo",
          "children": []
        }
      ]
    },
    {
      "id": 103,
      "authName": "Borrowing Management",
      "path": null,
      "icon": "el-icon-s-unfold",
      "children": [
        {
          "authName": "Borrowing Records Management",
          "path": "borrowlist",
          "children": []
        },
        {
          "authName": "Add Borrowing Record",
          "path": "borrowadd",
          "children": []
        }
      ]
    }
  ]
}
